"DESCRIPTION","DURATION IN MS","NAME","PARENT SUITE","START TIME","STATUS","STOP TIME","SUB SUITE","SUITE","TEST CLASS","TEST METHOD"
"As a user
  I want to manage my todo items
  So that I can keep track of my tasks","2951","Complete a todo item","","Wed May 07 09:44:43 IST 2025","passed","Wed May 07 09:44:46 IST 2025","","","",""
"As a user
  I want to manage my todo items
  So that I can keep track of my tasks","2800","Add a new todo item","","Wed May 07 09:44:40 IST 2025","passed","Wed May 07 09:44:43 IST 2025","","","",""
"As a user
  I want to manage my todo items
  So that I can keep track of my tasks","2963","Delete a todo item","","Wed May 07 09:44:46 IST 2025","passed","Wed May 07 09:44:49 IST 2025","","","",""
